date,country,D,H,I,M,S
2021-04-01,Afghanistan,0,37,0,0,0
2021-04-01,Japan,0,121,0,0,0
2021-04-01,Sweden,0,9,0,0,0
2021-04-02,Afghanistan,0,30,7,0,0
2021-04-02,Japan,0,90,31,0,0
2021-04-02,Sweden,0,7,2,0,0
2021-04-03,Afghanistan,0,26,11,0,0
2021-04-03,Japan,0,59,62,0,0
2021-04-03,Sweden,0,5,4,0,0
2021-04-04,Afghanistan,0,21,16,0,0
2021-04-04,Japan,0,44,77,0,0
2021-04-04,Sweden,0,2,7,0,0
2021-04-05,Afghanistan,0,17,20,0,0
2021-04-05,Japan,0,40,81,0,0
2021-04-05,Sweden,0,0,9,0,0
2021-04-06,Afghanistan,0,16,14,3,4
2021-04-06,Japan,0,26,64,17,14
2021-04-06,Sweden,0,0,7,0,2
2021-04-07,Afghanistan,0,16,10,5,6
2021-04-07,Japan,0,18,41,31,31
2021-04-07,Sweden,0,0,5,0,4
2021-04-08,Afghanistan,0,9,12,6,10
2021-04-08,Japan,0,15,29,35,42
2021-04-08,Sweden,0,0,2,0,7
2021-04-09,Afghanistan,0,8,9,8,12
2021-04-09,Japan,0,15,25,36,45
2021-04-09,Sweden,0,0,0,2,7
2021-04-10,Afghanistan,0,7,9,8,13
2021-04-10,Japan,0,15,11,44,51
2021-04-10,Sweden,0,0,0,2,7
2021-04-11,Afghanistan,0,7,9,8,13
2021-04-11,Japan,0,14,4,49,54
2021-04-11,Sweden,0,0,0,2,7
2021-04-12,Afghanistan,0,6,3,10,18
2021-04-12,Japan,0,9,6,50,56
2021-04-12,Sweden,0,0,0,2,7
2021-04-13,Afghanistan,0,5,3,11,18
2021-04-13,Japan,0,9,6,50,56
2021-04-13,Sweden,0,0,0,2,7
2021-04-14,Afghanistan,0,4,3,11,19
2021-04-14,Japan,0,7,8,50,56
2021-04-14,Sweden,0,0,0,2,7
2021-04-15,Afghanistan,0,4,3,11,19
2021-04-15,Japan,0,5,9,50,57
2021-04-15,Sweden,0,0,0,2,7
2021-04-16,Afghanistan,0,3,3,11,20
2021-04-16,Japan,0,4,5,53,59
2021-04-16,Sweden,0,0,0,2,7
2021-04-17,Afghanistan,0,2,3,11,21
2021-04-17,Japan,0,4,5,53,59
2021-04-17,Sweden,0,0,0,2,7
2021-04-18,Afghanistan,0,2,2,11,22
2021-04-18,Japan,0,4,3,55,59
2021-04-18,Sweden,0,0,0,2,7
2021-04-19,Afghanistan,0,2,2,11,22
2021-04-19,Japan,0,3,2,57,59
2021-04-19,Sweden,0,0,0,2,7
2021-04-20,Afghanistan,0,2,1,15,19
2021-04-20,Japan,3,3,1,68,46
2021-04-20,Sweden,0,0,0,4,5
2021-04-21,Afghanistan,0,1,1,18,17
2021-04-21,Japan,7,3,1,81,29
2021-04-21,Sweden,0,0,0,6,3
2021-04-22,Afghanistan,1,1,1,21,13
2021-04-22,Japan,8,3,1,91,18
2021-04-22,Sweden,2,0,0,7,0
2021-04-23,Afghanistan,1,1,1,23,11
2021-04-23,Japan,8,3,0,94,16
2021-04-23,Sweden,2,0,0,7,0
2021-04-24,Afghanistan,2,1,1,23,10
2021-04-24,Japan,9,3,0,99,10
2021-04-24,Sweden,2,0,0,7,0
2021-04-25,Afghanistan,2,1,0,23,11
2021-04-25,Japan,9,3,0,102,7
2021-04-25,Sweden,2,0,0,7,0
2021-04-26,Afghanistan,3,1,0,27,6
2021-04-26,Japan,9,3,0,104,5
2021-04-26,Sweden,2,0,0,7,0
2021-04-27,Afghanistan,3,1,0,27,6
2021-04-27,Japan,9,3,0,104,5
2021-04-27,Sweden,2,0,0,7,0
2021-04-28,Afghanistan,3,0,1,28,5
2021-04-28,Japan,9,3,0,104,5
2021-04-28,Sweden,2,0,0,7,0
2021-04-29,Afghanistan,3,0,1,28,5
2021-04-29,Japan,9,2,1,105,4
2021-04-29,Sweden,2,0,0,7,0
2021-04-30,Afghanistan,3,0,1,29,4
2021-04-30,Japan,9,2,1,107,2
2021-04-30,Sweden,2,0,0,7,0
2021-05-01,Afghanistan,3,0,1,30,3
2021-05-01,Japan,9,2,1,107,2
2021-05-01,Sweden,2,0,0,7,0
2021-05-02,Afghanistan,3,0,0,32,2
2021-05-02,Japan,9,2,1,107,2
2021-05-02,Sweden,2,0,0,7,0
2021-05-03,Afghanistan,3,0,0,32,2
2021-05-03,Japan,9,2,0,108,2
2021-05-03,Sweden,2,0,0,7,0
2021-05-04,Afghanistan,3,0,0,33,1
2021-05-04,Japan,9,2,0,109,1
2021-05-04,Sweden,2,0,0,7,0
2021-05-05,Afghanistan,3,0,0,33,1
2021-05-05,Japan,9,1,1,109,1
2021-05-05,Sweden,2,0,0,7,0
2021-05-06,Afghanistan,3,0,0,33,1
2021-05-06,Japan,9,1,1,109,1
2021-05-06,Sweden,2,0,0,7,0
2021-05-07,Afghanistan,3,0,0,33,1
2021-05-07,Japan,9,1,1,110,0
2021-05-07,Sweden,2,0,0,7,0
2021-05-08,Afghanistan,3,0,0,33,1
2021-05-08,Japan,9,1,1,110,0
2021-05-08,Sweden,2,0,0,7,0
2021-05-09,Afghanistan,3,0,0,34,0
2021-05-09,Japan,9,1,0,110,1
2021-05-09,Sweden,2,0,0,7,0
2021-05-10,Afghanistan,3,0,0,34,0
2021-05-10,Japan,9,0,1,110,1
2021-05-10,Sweden,2,0,0,7,0
2021-05-11,Afghanistan,3,0,0,34,0
2021-05-11,Japan,9,0,1,110,1
2021-05-11,Sweden,2,0,0,7,0
2021-05-12,Afghanistan,3,0,0,34,0
2021-05-12,Japan,9,0,1,110,1
2021-05-12,Sweden,2,0,0,7,0
2021-05-13,Afghanistan,3,0,0,34,0
2021-05-13,Japan,9,0,1,110,1
2021-05-13,Sweden,2,0,0,7,0
2021-05-14,Afghanistan,3,0,0,34,0
2021-05-14,Japan,9,0,0,110,2
2021-05-14,Sweden,2,0,0,7,0
2021-05-15,Afghanistan,3,0,0,34,0
2021-05-15,Japan,9,0,0,110,2
2021-05-15,Sweden,2,0,0,7,0
2021-05-16,Afghanistan,3,0,0,34,0
2021-05-16,Japan,9,0,0,110,2
2021-05-16,Sweden,2,0,0,7,0
2021-05-17,Afghanistan,3,0,0,34,0
2021-05-17,Japan,9,0,0,110,2
2021-05-17,Sweden,2,0,0,7,0
2021-05-18,Afghanistan,3,0,0,34,0
2021-05-18,Japan,9,0,0,110,2
2021-05-18,Sweden,2,0,0,7,0
2021-05-19,Afghanistan,3,0,0,34,0
2021-05-19,Japan,9,0,0,110,2
2021-05-19,Sweden,2,0,0,7,0
2021-05-20,Afghanistan,3,0,0,34,0
2021-05-20,Japan,9,0,0,110,2
2021-05-20,Sweden,2,0,0,7,0
2021-05-21,Afghanistan,3,0,0,34,0
2021-05-21,Japan,9,0,0,110,2
2021-05-21,Sweden,2,0,0,7,0
2021-05-22,Afghanistan,3,0,0,34,0
2021-05-22,Japan,9,0,0,110,2
2021-05-22,Sweden,2,0,0,7,0
2021-05-23,Afghanistan,3,0,0,34,0
2021-05-23,Japan,9,0,0,111,1
2021-05-23,Sweden,2,0,0,7,0
2021-05-24,Afghanistan,3,0,0,34,0
2021-05-24,Japan,9,0,0,111,1
2021-05-24,Sweden,2,0,0,7,0
2021-05-25,Afghanistan,3,0,0,34,0
2021-05-25,Japan,9,0,0,111,1
2021-05-25,Sweden,2,0,0,7,0
2021-05-26,Afghanistan,3,0,0,34,0
2021-05-26,Japan,9,0,0,111,1
2021-05-26,Sweden,2,0,0,7,0
2021-05-27,Afghanistan,3,0,0,34,0
2021-05-27,Japan,9,0,0,111,1
2021-05-27,Sweden,2,0,0,7,0
2021-05-28,Afghanistan,3,0,0,34,0
2021-05-28,Japan,9,0,0,112,0
2021-05-28,Sweden,2,0,0,7,0
2021-05-29,Afghanistan,3,0,0,34,0
2021-05-29,Japan,9,0,0,112,0
2021-05-29,Sweden,2,0,0,7,0
2021-05-30,Afghanistan,3,0,0,34,0
2021-05-30,Japan,9,0,0,112,0
2021-05-30,Sweden,2,0,0,7,0
2021-05-31,Afghanistan,3,0,0,34,0
2021-05-31,Japan,9,0,0,112,0
2021-05-31,Sweden,2,0,0,7,0
2021-06-01,Afghanistan,3,0,0,34,0
2021-06-01,Japan,9,0,0,112,0
2021-06-01,Sweden,2,0,0,7,0
2021-06-02,Afghanistan,3,0,0,34,0
2021-06-02,Japan,9,0,0,112,0
2021-06-02,Sweden,2,0,0,7,0
2021-06-03,Afghanistan,3,0,0,34,0
2021-06-03,Japan,9,0,0,112,0
2021-06-03,Sweden,2,0,0,7,0
2021-06-04,Afghanistan,3,0,0,34,0
2021-06-04,Japan,9,0,0,112,0
2021-06-04,Sweden,2,0,0,7,0
2021-06-05,Afghanistan,3,0,0,34,0
2021-06-05,Japan,9,0,0,112,0
2021-06-05,Sweden,2,0,0,7,0
2021-06-06,Afghanistan,3,0,0,34,0
2021-06-06,Japan,9,0,0,112,0
2021-06-06,Sweden,2,0,0,7,0
2021-06-07,Afghanistan,3,0,0,34,0
2021-06-07,Japan,9,0,0,112,0
2021-06-07,Sweden,2,0,0,7,0
2021-06-08,Afghanistan,3,0,0,34,0
2021-06-08,Japan,9,0,0,112,0
2021-06-08,Sweden,2,0,0,7,0
2021-06-09,Afghanistan,3,0,0,34,0
2021-06-09,Japan,9,0,0,112,0
2021-06-09,Sweden,2,0,0,7,0
2021-06-10,Afghanistan,3,0,0,34,0
2021-06-10,Japan,9,0,0,112,0
2021-06-10,Sweden,2,0,0,7,0
2021-06-11,Afghanistan,3,0,0,34,0
2021-06-11,Japan,9,0,0,112,0
2021-06-11,Sweden,2,0,0,7,0
2021-06-12,Afghanistan,3,0,0,34,0
2021-06-12,Japan,9,0,0,112,0
2021-06-12,Sweden,2,0,0,7,0
2021-06-13,Afghanistan,3,0,0,34,0
2021-06-13,Japan,9,0,0,112,0
2021-06-13,Sweden,2,0,0,7,0
2021-06-14,Afghanistan,3,0,0,34,0
2021-06-14,Japan,9,0,0,112,0
2021-06-14,Sweden,2,0,0,7,0
2021-06-15,Afghanistan,3,0,0,34,0
2021-06-15,Japan,9,0,0,112,0
2021-06-15,Sweden,2,0,0,7,0
2021-06-16,Afghanistan,3,0,0,34,0
2021-06-16,Japan,9,0,0,112,0
2021-06-16,Sweden,2,0,0,7,0
2021-06-17,Afghanistan,3,0,0,34,0
2021-06-17,Japan,9,0,0,112,0
2021-06-17,Sweden,2,0,0,7,0
2021-06-18,Afghanistan,3,0,0,34,0
2021-06-18,Japan,9,0,0,112,0
2021-06-18,Sweden,2,0,0,7,0
2021-06-19,Afghanistan,3,0,0,34,0
2021-06-19,Japan,9,0,0,112,0
2021-06-19,Sweden,2,0,0,7,0
2021-06-20,Afghanistan,3,0,0,34,0
2021-06-20,Japan,9,0,0,112,0
2021-06-20,Sweden,2,0,0,7,0
2021-06-21,Afghanistan,3,0,0,34,0
2021-06-21,Japan,9,0,0,112,0
2021-06-21,Sweden,2,0,0,7,0
2021-06-22,Afghanistan,3,0,0,34,0
2021-06-22,Japan,9,0,0,112,0
2021-06-22,Sweden,2,0,0,7,0
2021-06-23,Afghanistan,3,0,0,34,0
2021-06-23,Japan,9,0,0,112,0
2021-06-23,Sweden,2,0,0,7,0
2021-06-24,Afghanistan,3,0,0,34,0
2021-06-24,Japan,9,0,0,112,0
2021-06-24,Sweden,2,0,0,7,0
2021-06-25,Afghanistan,3,0,0,34,0
2021-06-25,Japan,9,0,0,112,0
2021-06-25,Sweden,2,0,0,7,0
2021-06-26,Afghanistan,3,0,0,34,0
2021-06-26,Japan,9,0,0,112,0
2021-06-26,Sweden,2,0,0,7,0
2021-06-27,Afghanistan,3,0,0,34,0
2021-06-27,Japan,9,0,0,112,0
2021-06-27,Sweden,2,0,0,7,0
2021-06-28,Afghanistan,3,0,0,34,0
2021-06-28,Japan,9,0,0,112,0
2021-06-28,Sweden,2,0,0,7,0
2021-06-29,Afghanistan,3,0,0,34,0
2021-06-29,Japan,9,0,0,112,0
2021-06-29,Sweden,2,0,0,7,0
2021-06-30,Afghanistan,3,0,0,34,0
2021-06-30,Japan,9,0,0,112,0
2021-06-30,Sweden,2,0,0,7,0
2021-07-01,Afghanistan,3,0,0,34,0
2021-07-01,Japan,9,0,0,112,0
2021-07-01,Sweden,2,0,0,7,0
2021-07-02,Afghanistan,3,0,0,34,0
2021-07-02,Japan,9,0,0,112,0
2021-07-02,Sweden,2,0,0,7,0
2021-07-03,Afghanistan,3,0,0,34,0
2021-07-03,Japan,9,0,0,112,0
2021-07-03,Sweden,2,0,0,7,0
2021-07-04,Afghanistan,3,0,0,34,0
2021-07-04,Japan,9,0,0,112,0
2021-07-04,Sweden,2,0,0,7,0
2021-07-05,Afghanistan,3,0,0,34,0
2021-07-05,Japan,9,0,0,112,0
2021-07-05,Sweden,2,0,0,7,0
2021-07-06,Afghanistan,3,0,0,34,0
2021-07-06,Japan,9,0,0,112,0
2021-07-06,Sweden,2,0,0,7,0
2021-07-07,Afghanistan,3,0,0,34,0
2021-07-07,Japan,9,0,0,112,0
2021-07-07,Sweden,2,0,0,7,0
2021-07-08,Afghanistan,3,0,0,34,0
2021-07-08,Japan,9,0,0,112,0
2021-07-08,Sweden,2,0,0,7,0
2021-07-09,Afghanistan,3,0,0,34,0
2021-07-09,Japan,9,0,0,112,0
2021-07-09,Sweden,2,0,0,7,0
2021-07-10,Afghanistan,3,0,0,34,0
2021-07-10,Japan,9,0,0,112,0
2021-07-10,Sweden,2,0,0,7,0
2021-07-11,Afghanistan,3,0,0,34,0
2021-07-11,Japan,9,0,0,112,0
2021-07-11,Sweden,2,0,0,7,0
2021-07-12,Afghanistan,3,0,0,34,0
2021-07-12,Japan,9,0,0,112,0
2021-07-12,Sweden,2,0,0,7,0
2021-07-13,Afghanistan,3,0,0,34,0
2021-07-13,Japan,9,0,0,112,0
2021-07-13,Sweden,2,0,0,7,0
2021-07-14,Afghanistan,3,0,0,34,0
2021-07-14,Japan,9,0,0,112,0
2021-07-14,Sweden,2,0,0,7,0
2021-07-15,Afghanistan,3,0,0,34,0
2021-07-15,Japan,9,0,0,112,0
2021-07-15,Sweden,2,0,0,7,0
2021-07-16,Afghanistan,3,0,0,34,0
2021-07-16,Japan,9,0,0,112,0
2021-07-16,Sweden,2,0,0,7,0
2021-07-17,Afghanistan,3,0,0,34,0
2021-07-17,Japan,9,0,0,112,0
2021-07-17,Sweden,2,0,0,7,0
2021-07-18,Afghanistan,3,0,0,34,0
2021-07-18,Japan,9,0,0,112,0
2021-07-18,Sweden,2,0,0,7,0
2021-07-19,Afghanistan,3,0,0,34,0
2021-07-19,Japan,9,0,0,112,0
2021-07-19,Sweden,2,0,0,7,0
2021-07-20,Afghanistan,3,0,0,34,0
2021-07-20,Japan,9,0,0,112,0
2021-07-20,Sweden,2,0,0,7,0
2021-07-21,Afghanistan,3,0,0,34,0
2021-07-21,Japan,9,0,0,112,0
2021-07-21,Sweden,2,0,0,7,0
2021-07-22,Afghanistan,3,0,0,34,0
2021-07-22,Japan,9,0,0,112,0
2021-07-22,Sweden,2,0,0,7,0
2021-07-23,Afghanistan,3,0,0,34,0
2021-07-23,Japan,9,0,0,112,0
2021-07-23,Sweden,2,0,0,7,0
2021-07-24,Afghanistan,3,0,0,34,0
2021-07-24,Japan,9,0,0,112,0
2021-07-24,Sweden,2,0,0,7,0
2021-07-25,Afghanistan,3,0,0,34,0
2021-07-25,Japan,9,0,0,112,0
2021-07-25,Sweden,2,0,0,7,0
2021-07-26,Afghanistan,3,0,0,34,0
2021-07-26,Japan,9,0,0,112,0
2021-07-26,Sweden,2,0,0,7,0
2021-07-27,Afghanistan,3,0,0,34,0
2021-07-27,Japan,9,0,0,112,0
2021-07-27,Sweden,2,0,0,7,0
2021-07-28,Afghanistan,3,0,0,34,0
2021-07-28,Japan,9,0,0,112,0
2021-07-28,Sweden,2,0,0,7,0
2021-07-29,Afghanistan,3,0,0,34,0
2021-07-29,Japan,9,0,0,112,0
2021-07-29,Sweden,2,0,0,7,0
2021-07-30,Afghanistan,3,0,0,34,0
2021-07-30,Japan,9,0,0,112,0
2021-07-30,Sweden,2,0,0,7,0
2021-07-31,Afghanistan,3,0,0,34,0
2021-07-31,Japan,9,0,0,112,0
2021-07-31,Sweden,2,0,0,7,0
2021-08-01,Afghanistan,3,0,0,34,0
2021-08-01,Japan,9,0,0,112,0
2021-08-01,Sweden,2,0,0,7,0
2021-08-02,Afghanistan,3,0,0,34,0
2021-08-02,Japan,9,0,0,112,0
2021-08-02,Sweden,2,0,0,7,0
2021-08-03,Afghanistan,3,0,0,34,0
2021-08-03,Japan,9,0,0,112,0
2021-08-03,Sweden,2,0,0,7,0
2021-08-04,Afghanistan,3,3,0,31,0
2021-08-04,Japan,9,17,0,95,0
2021-08-04,Sweden,2,0,0,7,0
2021-08-05,Afghanistan,3,5,0,29,0
2021-08-05,Japan,9,24,7,81,0
2021-08-05,Sweden,2,0,0,7,0
2021-08-06,Afghanistan,3,6,0,28,0
2021-08-06,Japan,9,20,15,77,0
2021-08-06,Sweden,2,0,0,7,0
2021-08-07,Afghanistan,3,6,2,26,0
2021-08-07,Japan,9,13,23,76,0
2021-08-07,Sweden,2,2,0,5,0
2021-08-08,Afghanistan,3,3,5,26,0
2021-08-08,Japan,9,19,25,68,0
2021-08-08,Sweden,2,2,0,5,0
2021-08-09,Afghanistan,3,3,5,26,0
2021-08-09,Japan,9,20,22,66,4
2021-08-09,Sweden,2,1,1,5,0
2021-08-10,Afghanistan,3,5,5,24,0
2021-08-10,Japan,9,14,21,69,8
2021-08-10,Sweden,2,0,2,5,0
2021-08-11,Afghanistan,3,5,4,23,2
2021-08-11,Japan,9,9,18,72,13
2021-08-11,Sweden,2,0,2,5,0
2021-08-12,Afghanistan,3,5,1,24,4
2021-08-12,Japan,9,5,20,74,13
2021-08-12,Sweden,2,0,2,5,0
2021-08-13,Afghanistan,3,5,1,24,4
2021-08-13,Japan,9,4,17,76,15
2021-08-13,Sweden,2,0,1,5,1
2021-08-14,Afghanistan,3,3,3,24,4
2021-08-14,Japan,9,6,11,77,18
2021-08-14,Sweden,2,0,0,6,1
2021-08-15,Afghanistan,3,2,3,24,5
2021-08-15,Japan,9,6,6,79,21
2021-08-15,Sweden,2,0,0,6,1
2021-08-16,Afghanistan,3,2,3,24,5
2021-08-16,Japan,9,7,3,80,22
2021-08-16,Sweden,2,0,0,6,1
2021-08-17,Afghanistan,3,2,3,24,5
2021-08-17,Japan,9,8,3,78,23
2021-08-17,Sweden,2,0,0,6,1
2021-08-18,Afghanistan,3,6,1,21,6
2021-08-18,Japan,9,19,2,68,23
2021-08-18,Sweden,2,2,0,4,1
2021-08-19,Afghanistan,3,6,3,18,7
2021-08-19,Japan,9,28,6,55,23
2021-08-19,Sweden,2,4,0,2,1
2021-08-20,Afghanistan,3,8,4,15,7
2021-08-20,Japan,9,30,13,46,23
2021-08-20,Sweden,2,5,0,1,1
2021-08-21,Afghanistan,3,6,8,13,7
2021-08-21,Japan,9,23,22,43,24
2021-08-21,Sweden,2,4,1,1,1
2021-08-22,Afghanistan,3,6,8,13,7
2021-08-22,Japan,9,18,32,38,24
2021-08-22,Sweden,2,3,2,1,1
2021-08-23,Afghanistan,3,5,6,13,10
2021-08-23,Japan,12,17,32,38,22
2021-08-23,Sweden,2,3,2,1,1
2021-08-24,Afghanistan,3,8,6,10,10
2021-08-24,Japan,13,11,32,44,21
2021-08-24,Sweden,2,3,2,1,1
2021-08-25,Afghanistan,4,6,4,13,10
2021-08-25,Japan,14,9,24,53,21
2021-08-25,Sweden,2,2,2,1,2
2021-08-26,Afghanistan,5,4,7,13,8
2021-08-26,Japan,14,7,16,56,28
2021-08-26,Sweden,2,1,2,1,3
2021-08-27,Afghanistan,5,2,8,13,9
2021-08-27,Japan,15,7,13,59,27
2021-08-27,Sweden,2,1,2,2,2
2021-08-28,Afghanistan,5,3,7,12,10
2021-08-28,Japan,18,9,5,63,26
2021-08-28,Sweden,2,1,2,2,2
2021-08-29,Afghanistan,5,4,5,14,9
2021-08-29,Japan,19,8,4,66,24
2021-08-29,Sweden,2,1,1,2,3
2021-08-30,Afghanistan,5,6,2,13,11
2021-08-30,Japan,19,5,5,68,24
2021-08-30,Sweden,2,1,0,2,4
2021-08-31,Afghanistan,5,6,0,14,12
2021-08-31,Japan,20,6,4,68,23
2021-08-31,Sweden,2,1,0,2,4
2021-09-01,Afghanistan,5,7,0,14,11
2021-09-01,Japan,20,7,4,67,23
2021-09-01,Sweden,2,1,0,2,4
2021-09-02,Afghanistan,5,5,2,15,10
2021-09-02,Japan,20,7,3,67,24
2021-09-02,Sweden,2,1,0,2,4
2021-09-03,Afghanistan,5,5,2,15,10
2021-09-03,Japan,20,6,1,69,25
2021-09-03,Sweden,2,0,1,2,4
2021-09-04,Afghanistan,5,5,2,15,10
2021-09-04,Japan,20,7,1,69,24
2021-09-04,Sweden,2,0,1,2,4
2021-09-05,Afghanistan,5,5,2,15,10
2021-09-05,Japan,20,6,2,69,24
2021-09-05,Sweden,2,0,1,2,4
2021-09-06,Afghanistan,5,6,0,19,7
2021-09-06,Japan,21,6,2,70,22
2021-09-06,Sweden,2,0,1,2,4
2021-09-07,Afghanistan,5,6,0,19,7
2021-09-07,Japan,22,6,1,73,19
2021-09-07,Sweden,2,0,0,3,4
2021-09-08,Afghanistan,5,5,1,21,5
2021-09-08,Japan,24,6,1,76,14
2021-09-08,Sweden,2,0,0,4,3
2021-09-09,Afghanistan,5,4,2,21,5
2021-09-09,Japan,27,6,0,80,8
2021-09-09,Sweden,2,0,0,5,2
2021-09-10,Afghanistan,6,2,4,21,4
2021-09-10,Japan,27,6,0,81,7
2021-09-10,Sweden,2,0,0,5,2
2021-09-11,Afghanistan,6,1,5,22,3
2021-09-11,Japan,28,4,2,82,5
2021-09-11,Sweden,2,0,0,5,2
2021-09-12,Afghanistan,6,1,4,22,4
2021-09-12,Japan,29,4,2,82,4
2021-09-12,Sweden,2,0,0,6,1
2021-09-13,Afghanistan,6,1,3,24,3
2021-09-13,Japan,29,3,3,83,3
2021-09-13,Sweden,3,0,0,6,0
2021-09-14,Afghanistan,6,1,1,26,3
2021-09-14,Japan,29,1,5,83,3
2021-09-14,Sweden,3,0,0,6,0
2021-09-15,Afghanistan,6,1,0,26,4
2021-09-15,Japan,29,1,3,84,4
2021-09-15,Sweden,3,0,0,6,0
2021-09-16,Afghanistan,6,1,0,26,4
2021-09-16,Japan,29,1,3,85,3
2021-09-16,Sweden,3,0,0,6,0
2021-09-17,Afghanistan,6,1,0,26,4
2021-09-17,Japan,29,1,2,87,2
2021-09-17,Sweden,3,0,0,6,0
2021-09-18,Afghanistan,6,1,0,26,4
2021-09-18,Japan,29,0,1,89,2
2021-09-18,Sweden,3,0,0,6,0
2021-09-19,Afghanistan,6,0,1,26,4
2021-09-19,Japan,29,0,1,89,2
2021-09-19,Sweden,3,0,0,6,0
2021-09-20,Afghanistan,6,0,1,26,4
2021-09-20,Japan,29,1,1,88,2
2021-09-20,Sweden,3,0,0,6,0
2021-09-21,Afghanistan,6,0,1,26,4
2021-09-21,Japan,29,1,1,88,2
2021-09-21,Sweden,3,0,0,6,0
2021-09-22,Afghanistan,6,0,1,26,4
2021-09-22,Japan,29,1,0,88,3
2021-09-22,Sweden,3,0,0,6,0
2021-09-23,Afghanistan,6,0,0,27,4
2021-09-23,Japan,29,1,0,89,2
2021-09-23,Sweden,3,0,0,6,0
2021-09-24,Afghanistan,6,0,0,27,4
2021-09-24,Japan,29,1,0,89,2
2021-09-24,Sweden,3,0,0,6,0
2021-09-25,Afghanistan,6,0,0,27,4
2021-09-25,Japan,29,2,0,88,2
2021-09-25,Sweden,3,0,0,6,0
2021-09-26,Afghanistan,6,0,0,28,3
2021-09-26,Japan,29,2,0,88,2
2021-09-26,Sweden,3,0,0,6,0
2021-09-27,Afghanistan,6,0,0,29,2
2021-09-27,Japan,29,2,0,88,2
2021-09-27,Sweden,3,0,0,6,0
2021-09-28,Afghanistan,6,0,0,30,1
2021-09-28,Japan,29,2,0,88,2
2021-09-28,Sweden,3,0,0,6,0
2021-09-29,Afghanistan,6,0,0,31,0
2021-09-29,Japan,29,2,0,89,1
2021-09-29,Sweden,3,0,0,6,0
2021-09-30,Afghanistan,6,0,0,31,0
2021-09-30,Japan,29,2,0,89,1
2021-09-30,Sweden,3,0,0,6,0
2021-10-01,Afghanistan,6,0,0,31,0
2021-10-01,Japan,29,2,0,89,1
2021-10-01,Sweden,3,0,0,6,0
2021-10-02,Afghanistan,6,0,0,31,0
2021-10-02,Japan,29,2,0,89,1
2021-10-02,Sweden,3,0,0,6,0
2021-10-03,Afghanistan,6,0,0,31,0
2021-10-03,Japan,29,2,0,89,1
2021-10-03,Sweden,3,0,0,6,0
2021-10-04,Afghanistan,6,0,0,31,0
2021-10-04,Japan,29,2,0,89,1
2021-10-04,Sweden,3,0,0,6,0
2021-10-05,Afghanistan,6,0,0,31,0
2021-10-05,Japan,29,2,0,89,1
2021-10-05,Sweden,3,0,0,6,0
2021-10-06,Afghanistan,6,0,0,31,0
2021-10-06,Japan,29,2,0,90,0
2021-10-06,Sweden,3,0,0,6,0
2021-10-07,Afghanistan,6,0,0,31,0
2021-10-07,Japan,29,2,0,90,0
2021-10-07,Sweden,3,0,0,6,0
2021-10-08,Afghanistan,6,0,0,31,0
2021-10-08,Japan,29,2,0,90,0
2021-10-08,Sweden,3,0,0,6,0
2021-10-09,Afghanistan,6,0,0,31,0
2021-10-09,Japan,29,2,0,90,0
2021-10-09,Sweden,3,0,0,6,0
2021-10-10,Afghanistan,6,0,0,31,0
2021-10-10,Japan,29,1,1,90,0
2021-10-10,Sweden,3,0,0,6,0
2021-10-11,Afghanistan,6,0,0,31,0
2021-10-11,Japan,29,1,1,90,0
2021-10-11,Sweden,3,0,0,6,0
2021-10-12,Afghanistan,6,0,0,31,0
2021-10-12,Japan,29,1,1,90,0
2021-10-12,Sweden,3,0,0,6,0
2021-10-13,Afghanistan,6,0,0,31,0
2021-10-13,Japan,29,1,1,90,0
2021-10-13,Sweden,3,0,0,6,0
2021-10-14,Afghanistan,6,0,0,31,0
2021-10-14,Japan,29,1,0,91,0
2021-10-14,Sweden,3,0,0,6,0
2021-10-15,Afghanistan,6,0,0,31,0
2021-10-15,Japan,29,0,1,91,0
2021-10-15,Sweden,3,0,0,6,0
2021-10-16,Afghanistan,6,0,0,31,0
2021-10-16,Japan,29,0,1,91,0
2021-10-16,Sweden,3,0,0,6,0
2021-10-17,Afghanistan,6,0,0,31,0
2021-10-17,Japan,29,0,1,91,0
2021-10-17,Sweden,3,0,0,6,0
2021-10-18,Afghanistan,6,0,0,31,0
2021-10-18,Japan,29,0,1,91,0
2021-10-18,Sweden,3,0,0,6,0
2021-10-19,Afghanistan,6,0,0,31,0
2021-10-19,Japan,29,0,0,91,1
2021-10-19,Sweden,3,0,0,6,0
2021-10-20,Afghanistan,6,0,0,31,0
2021-10-20,Japan,29,0,0,91,1
2021-10-20,Sweden,3,0,0,6,0
2021-10-21,Afghanistan,6,0,0,31,0
2021-10-21,Japan,29,0,0,91,1
2021-10-21,Sweden,3,0,0,6,0
2021-10-22,Afghanistan,6,0,0,31,0
2021-10-22,Japan,29,0,0,91,1
2021-10-22,Sweden,3,0,0,6,0
2021-10-23,Afghanistan,6,0,0,31,0
2021-10-23,Japan,29,0,0,91,1
2021-10-23,Sweden,3,0,0,6,0
2021-10-24,Afghanistan,6,0,0,31,0
2021-10-24,Japan,29,0,0,91,1
2021-10-24,Sweden,3,0,0,6,0
2021-10-25,Afghanistan,6,0,0,31,0
2021-10-25,Japan,29,0,0,91,1
2021-10-25,Sweden,3,0,0,6,0
2021-10-26,Afghanistan,6,0,0,31,0
2021-10-26,Japan,29,0,0,91,1
2021-10-26,Sweden,3,0,0,6,0
2021-10-27,Afghanistan,6,0,0,31,0
2021-10-27,Japan,29,0,0,91,1
2021-10-27,Sweden,3,0,0,6,0
2021-10-28,Afghanistan,6,0,0,31,0
2021-10-28,Japan,29,0,0,91,1
2021-10-28,Sweden,3,0,0,6,0
2021-10-29,Afghanistan,6,0,0,31,0
2021-10-29,Japan,29,0,0,91,1
2021-10-29,Sweden,3,0,0,6,0
2021-10-30,Afghanistan,6,0,0,31,0
2021-10-30,Japan,29,0,0,91,1
2021-10-30,Sweden,3,0,0,6,0
2021-10-31,Afghanistan,6,0,0,31,0
2021-10-31,Japan,29,0,0,91,1
2021-10-31,Sweden,3,0,0,6,0
2021-11-01,Afghanistan,6,0,0,31,0
2021-11-01,Japan,29,0,0,91,1
2021-11-01,Sweden,3,0,0,6,0
2021-11-02,Afghanistan,6,0,0,31,0
2021-11-02,Japan,29,0,0,92,0
2021-11-02,Sweden,3,0,0,6,0
2021-11-03,Afghanistan,6,0,0,31,0
2021-11-03,Japan,29,0,0,92,0
2021-11-03,Sweden,3,0,0,6,0
2021-11-04,Afghanistan,6,0,0,31,0
2021-11-04,Japan,29,0,0,92,0
2021-11-04,Sweden,3,0,0,6,0
2021-11-05,Afghanistan,6,0,0,31,0
2021-11-05,Japan,29,0,0,92,0
2021-11-05,Sweden,3,0,0,6,0
2021-11-06,Afghanistan,6,0,0,31,0
2021-11-06,Japan,29,0,0,92,0
2021-11-06,Sweden,3,0,0,6,0
2021-11-07,Afghanistan,6,0,0,31,0
2021-11-07,Japan,29,0,0,92,0
2021-11-07,Sweden,3,0,0,6,0
2021-11-08,Afghanistan,6,0,0,31,0
2021-11-08,Japan,29,0,0,92,0
2021-11-08,Sweden,3,0,0,6,0
2021-11-09,Afghanistan,6,0,0,31,0
2021-11-09,Japan,29,0,0,92,0
2021-11-09,Sweden,3,0,0,6,0
2021-11-10,Afghanistan,6,0,0,31,0
2021-11-10,Japan,29,0,0,92,0
2021-11-10,Sweden,3,0,0,6,0
2021-11-11,Afghanistan,6,0,0,31,0
2021-11-11,Japan,29,0,0,92,0
2021-11-11,Sweden,3,0,0,6,0
2021-11-12,Afghanistan,6,0,0,31,0
2021-11-12,Japan,29,0,0,92,0
2021-11-12,Sweden,3,0,0,6,0
2021-11-13,Afghanistan,6,0,0,31,0
2021-11-13,Japan,29,0,0,92,0
2021-11-13,Sweden,3,0,0,6,0
2021-11-14,Afghanistan,6,0,0,31,0
2021-11-14,Japan,29,0,0,92,0
2021-11-14,Sweden,3,0,0,6,0
2021-11-15,Afghanistan,6,0,0,31,0
2021-11-15,Japan,29,0,0,92,0
2021-11-15,Sweden,3,0,0,6,0
2021-11-16,Afghanistan,6,0,0,31,0
2021-11-16,Japan,29,0,0,92,0
2021-11-16,Sweden,3,0,0,6,0
2021-11-17,Afghanistan,6,0,0,31,0
2021-11-17,Japan,29,0,0,92,0
2021-11-17,Sweden,3,0,0,6,0
2021-11-18,Afghanistan,6,0,0,31,0
2021-11-18,Japan,29,0,0,92,0
2021-11-18,Sweden,3,0,0,6,0
2021-11-19,Afghanistan,6,0,0,31,0
2021-11-19,Japan,29,0,0,92,0
2021-11-19,Sweden,3,0,0,6,0
2021-11-20,Afghanistan,6,0,0,31,0
2021-11-20,Japan,29,0,0,92,0
2021-11-20,Sweden,3,0,0,6,0
2021-11-21,Afghanistan,6,0,0,31,0
2021-11-21,Japan,29,0,0,92,0
2021-11-21,Sweden,3,0,0,6,0
2021-11-22,Afghanistan,6,0,0,31,0
2021-11-22,Japan,29,0,0,92,0
2021-11-22,Sweden,3,0,0,6,0
2021-11-23,Afghanistan,6,0,0,31,0
2021-11-23,Japan,29,0,0,92,0
2021-11-23,Sweden,3,0,0,6,0
2021-11-24,Afghanistan,6,0,0,31,0
2021-11-24,Japan,29,0,0,92,0
2021-11-24,Sweden,3,0,0,6,0
2021-11-25,Afghanistan,6,0,0,31,0
2021-11-25,Japan,29,0,0,92,0
2021-11-25,Sweden,3,0,0,6,0
2021-11-26,Afghanistan,6,0,0,31,0
2021-11-26,Japan,29,0,0,92,0
2021-11-26,Sweden,3,0,0,6,0
2021-11-27,Afghanistan,6,0,0,31,0
2021-11-27,Japan,29,0,0,92,0
2021-11-27,Sweden,3,0,0,6,0
2021-11-28,Afghanistan,6,0,0,31,0
2021-11-28,Japan,29,0,0,92,0
2021-11-28,Sweden,3,0,0,6,0
2021-11-29,Afghanistan,6,0,0,31,0
2021-11-29,Japan,29,0,0,92,0
2021-11-29,Sweden,3,0,0,6,0
2021-11-30,Afghanistan,6,0,0,31,0
2021-11-30,Japan,29,0,0,92,0
2021-11-30,Sweden,3,0,0,6,0
2021-12-01,Afghanistan,6,0,0,31,0
2021-12-01,Japan,29,0,0,92,0
2021-12-01,Sweden,3,0,0,6,0
2021-12-02,Afghanistan,6,0,0,31,0
2021-12-02,Japan,29,0,0,92,0
2021-12-02,Sweden,3,0,0,6,0
2021-12-03,Afghanistan,6,0,0,31,0
2021-12-03,Japan,29,0,0,92,0
2021-12-03,Sweden,3,0,0,6,0
2021-12-04,Afghanistan,6,0,0,31,0
2021-12-04,Japan,29,0,0,92,0
2021-12-04,Sweden,3,0,0,6,0
2021-12-05,Afghanistan,6,0,0,31,0
2021-12-05,Japan,29,0,0,92,0
2021-12-05,Sweden,3,0,0,6,0
2021-12-06,Afghanistan,6,0,0,31,0
2021-12-06,Japan,29,0,0,92,0
2021-12-06,Sweden,3,0,0,6,0
2021-12-07,Afghanistan,6,0,0,31,0
2021-12-07,Japan,29,3,0,89,0
2021-12-07,Sweden,3,0,0,6,0
2021-12-08,Afghanistan,6,0,0,31,0
2021-12-08,Japan,29,6,1,85,0
2021-12-08,Sweden,3,0,0,6,0
2021-12-09,Afghanistan,6,0,0,31,0
2021-12-09,Japan,29,7,3,82,0
2021-12-09,Sweden,3,0,0,6,0
2021-12-10,Afghanistan,6,1,0,30,0
2021-12-10,Japan,29,7,5,80,0
2021-12-10,Sweden,3,0,0,6,0
2021-12-11,Afghanistan,6,1,0,30,0
2021-12-11,Japan,29,6,8,78,0
2021-12-11,Sweden,3,0,0,6,0
2021-12-12,Afghanistan,6,1,0,30,0
2021-12-12,Japan,29,9,8,75,0
2021-12-12,Sweden,3,1,0,5,0
2021-12-13,Afghanistan,6,1,0,30,0
2021-12-13,Japan,29,10,7,74,1
2021-12-13,Sweden,3,0,1,5,0
2021-12-14,Afghanistan,6,1,0,30,0
2021-12-14,Japan,29,10,8,72,2
2021-12-14,Sweden,3,0,1,5,0
2021-12-15,Afghanistan,6,0,1,30,0
2021-12-15,Japan,29,9,6,74,3
2021-12-15,Sweden,3,0,1,5,0
2021-12-16,Afghanistan,6,1,1,29,0
2021-12-16,Japan,29,8,7,73,4
2021-12-16,Sweden,3,0,1,5,0
2021-12-17,Afghanistan,6,1,1,29,0
2021-12-17,Japan,29,7,7,73,5
2021-12-17,Sweden,3,0,0,5,1
2021-12-18,Afghanistan,6,1,1,29,0
2021-12-18,Japan,29,5,7,74,6
2021-12-18,Sweden,3,0,0,5,1
2021-12-19,Afghanistan,6,1,0,30,0
2021-12-19,Japan,29,5,6,75,6
2021-12-19,Sweden,3,0,0,5,1
2021-12-20,Afghanistan,6,1,0,30,0
2021-12-20,Japan,29,3,6,76,7
2021-12-20,Sweden,3,0,0,5,1
2021-12-21,Afghanistan,6,1,0,30,0
2021-12-21,Japan,29,6,5,74,7
2021-12-21,Sweden,3,0,0,5,1
2021-12-22,Afghanistan,6,1,1,29,0
2021-12-22,Japan,29,13,3,68,8
2021-12-22,Sweden,3,0,0,5,1
2021-12-23,Afghanistan,6,4,1,26,0
2021-12-23,Japan,29,19,6,59,8
2021-12-23,Sweden,3,0,0,5,1
2021-12-24,Afghanistan,6,4,2,25,0
2021-12-24,Japan,29,15,11,58,8
2021-12-24,Sweden,3,0,0,5,1
2021-12-25,Afghanistan,6,3,3,25,0
2021-12-25,Japan,29,14,16,54,8
2021-12-25,Sweden,3,1,0,4,1
2021-12-26,Afghanistan,6,2,3,25,1
2021-12-26,Japan,29,14,21,48,9
2021-12-26,Sweden,3,0,1,4,1
2021-12-27,Afghanistan,6,5,3,22,1
2021-12-27,Japan,29,16,19,48,9
2021-12-27,Sweden,3,0,1,4,1
2021-12-28,Afghanistan,6,6,2,21,2
2021-12-28,Japan,30,14,16,49,12
2021-12-28,Sweden,3,0,1,4,1
2021-12-29,Afghanistan,6,6,2,21,2
2021-12-29,Japan,30,10,16,53,12
2021-12-29,Sweden,3,0,1,4,1
2021-12-30,Afghanistan,6,7,1,21,2
2021-12-30,Japan,30,7,13,58,13
2021-12-30,Sweden,3,0,0,4,2
2021-12-31,Afghanistan,6,7,2,20,2
2021-12-31,Japan,30,4,15,59,13
2021-12-31,Sweden,3,0,0,5,1
2022-01-01,Afghanistan,6,6,3,20,2
2022-01-01,Japan,30,5,12,59,15
2022-01-01,Sweden,3,0,0,5,1
2022-01-02,Afghanistan,6,6,2,21,2
2022-01-02,Japan,30,5,8,61,17
2022-01-02,Sweden,3,0,0,5,1
2022-01-03,Afghanistan,6,4,4,21,2
2022-01-03,Japan,30,5,5,63,18
2022-01-03,Sweden,3,0,0,5,1
2022-01-04,Afghanistan,6,8,4,16,3
2022-01-04,Japan,30,4,4,63,20
2022-01-04,Sweden,3,0,0,5,1
2022-01-05,Afghanistan,6,6,5,16,4
2022-01-05,Japan,30,6,4,62,19
2022-01-05,Sweden,3,1,0,4,1
2022-01-06,Afghanistan,6,7,6,14,4
2022-01-06,Japan,30,8,4,59,20
2022-01-06,Sweden,3,2,0,3,1
2022-01-07,Afghanistan,6,6,5,14,6
2022-01-07,Japan,30,9,7,55,20
2022-01-07,Sweden,3,3,0,2,1
2022-01-08,Afghanistan,6,5,5,14,7
2022-01-08,Japan,30,9,6,55,21
2022-01-08,Sweden,3,2,1,2,1
2022-01-09,Afghanistan,6,6,3,16,6
2022-01-09,Japan,31,8,7,54,21
2022-01-09,Sweden,3,2,1,2,1
2022-01-10,Afghanistan,6,6,2,17,6
2022-01-10,Japan,31,7,7,55,21
2022-01-10,Sweden,3,3,1,1,1
2022-01-11,Afghanistan,6,7,2,16,6
2022-01-11,Japan,33,5,7,58,18
2022-01-11,Sweden,3,2,2,1,1
2022-01-12,Afghanistan,6,8,2,15,6
2022-01-12,Japan,33,5,6,60,17
2022-01-12,Sweden,3,1,2,2,1
2022-01-13,Afghanistan,6,8,2,15,6
2022-01-13,Japan,34,5,5,62,15
2022-01-13,Sweden,4,1,2,2,0
2022-01-14,Afghanistan,6,8,2,15,6
2022-01-14,Japan,35,4,6,61,15
2022-01-14,Sweden,4,1,2,2,0
2022-01-15,Afghanistan,6,7,2,15,7
2022-01-15,Japan,36,4,5,63,13
2022-01-15,Sweden,4,0,2,3,0
2022-01-16,Afghanistan,6,7,1,15,8
2022-01-16,Japan,36,5,6,63,11
2022-01-16,Sweden,4,0,1,3,1
2022-01-17,Afghanistan,6,6,2,15,8
2022-01-17,Japan,37,2,8,64,10
2022-01-17,Sweden,4,0,1,3,1
2022-01-18,Afghanistan,6,3,5,16,7
2022-01-18,Japan,39,1,7,66,8
2022-01-18,Sweden,4,0,1,3,1
2022-01-19,Afghanistan,6,2,5,17,7
2022-01-19,Japan,39,1,5,66,10
2022-01-19,Sweden,4,0,0,3,2
2022-01-20,Afghanistan,6,2,5,17,7
2022-01-20,Japan,39,1,4,67,10
2022-01-20,Sweden,4,0,0,3,2
2022-01-21,Afghanistan,6,2,5,18,6
2022-01-21,Japan,39,2,1,68,11
2022-01-21,Sweden,4,0,0,3,2
2022-01-22,Afghanistan,6,1,3,21,6
2022-01-22,Japan,39,2,0,69,11
2022-01-22,Sweden,4,0,0,3,2
2022-01-23,Afghanistan,6,1,2,21,7
2022-01-23,Japan,40,1,1,69,10
2022-01-23,Sweden,4,0,0,3,2
2022-01-24,Afghanistan,6,2,2,20,7
2022-01-24,Japan,40,1,1,70,9
2022-01-24,Sweden,4,0,0,3,2
2022-01-25,Afghanistan,6,3,1,21,6
2022-01-25,Japan,40,1,1,71,8
2022-01-25,Sweden,4,0,0,3,2
2022-01-26,Afghanistan,6,4,0,20,7
2022-01-26,Japan,40,1,1,71,8
2022-01-26,Sweden,4,0,0,3,2
2022-01-27,Afghanistan,6,3,2,19,7
2022-01-27,Japan,40,2,0,70,9
2022-01-27,Sweden,4,0,0,3,2
2022-01-28,Afghanistan,6,3,2,19,7
2022-01-28,Japan,40,2,0,71,8
2022-01-28,Sweden,4,0,0,3,2
2022-01-29,Afghanistan,6,1,4,20,6
2022-01-29,Japan,41,2,0,71,7
2022-01-29,Sweden,4,0,0,3,2
2022-01-30,Afghanistan,6,1,4,21,5
2022-01-30,Japan,41,2,0,71,7
2022-01-30,Sweden,4,0,0,4,1
2022-01-31,Afghanistan,6,1,2,21,7
2022-01-31,Japan,41,2,0,72,6
2022-01-31,Sweden,4,0,0,4,1
2022-02-01,Afghanistan,6,1,2,21,7
2022-02-01,Japan,41,2,0,72,6
2022-02-01,Sweden,4,0,0,4,1
2022-02-02,Afghanistan,6,1,0,23,7
2022-02-02,Japan,41,2,0,74,4
2022-02-02,Sweden,4,0,0,5,0
2022-02-03,Afghanistan,6,1,0,23,7
2022-02-03,Japan,41,2,1,74,3
2022-02-03,Sweden,4,0,0,5,0
2022-02-04,Afghanistan,6,1,0,24,6
2022-02-04,Japan,41,2,1,75,2
2022-02-04,Sweden,4,0,0,5,0
2022-02-05,Afghanistan,6,1,0,25,5
2022-02-05,Japan,41,2,1,76,1
2022-02-05,Sweden,4,0,0,5,0
2022-02-06,Afghanistan,6,1,0,26,4
2022-02-06,Japan,41,2,1,76,1
2022-02-06,Sweden,4,0,0,5,0
2022-02-07,Afghanistan,6,1,0,26,4
2022-02-07,Japan,41,1,1,76,2
2022-02-07,Sweden,4,0,0,5,0
2022-02-08,Afghanistan,6,1,0,26,4
2022-02-08,Japan,41,1,1,76,2
2022-02-08,Sweden,4,0,0,5,0
2022-02-09,Afghanistan,6,1,0,27,3
2022-02-09,Japan,41,0,2,76,2
2022-02-09,Sweden,4,0,0,5,0
2022-02-10,Afghanistan,6,1,0,27,3
2022-02-10,Japan,42,0,2,76,1
2022-02-10,Sweden,4,0,0,5,0
2022-02-11,Afghanistan,6,0,1,27,3
2022-02-11,Japan,42,1,1,75,2
2022-02-11,Sweden,4,0,0,5,0
2022-02-12,Afghanistan,6,0,1,27,3
2022-02-12,Japan,42,1,1,75,2
2022-02-12,Sweden,4,0,0,5,0
2022-02-13,Afghanistan,6,0,1,27,3
2022-02-13,Japan,42,1,0,75,3
2022-02-13,Sweden,4,0,0,5,0
2022-02-14,Afghanistan,6,0,1,29,1
2022-02-14,Japan,42,1,0,75,3
2022-02-14,Sweden,4,0,0,5,0
2022-02-15,Afghanistan,6,0,0,29,2
2022-02-15,Japan,42,0,1,75,3
2022-02-15,Sweden,4,0,0,5,0
2022-02-16,Afghanistan,6,0,0,30,1
2022-02-16,Japan,42,0,1,75,3
2022-02-16,Sweden,4,0,0,5,0
2022-02-17,Afghanistan,6,0,0,30,1
2022-02-17,Japan,42,0,1,75,3
2022-02-17,Sweden,4,0,0,5,0
2022-02-18,Afghanistan,6,0,0,30,1
2022-02-18,Japan,42,0,1,75,3
2022-02-18,Sweden,4,0,0,5,0
2022-02-19,Afghanistan,6,0,0,30,1
2022-02-19,Japan,42,0,0,76,3
2022-02-19,Sweden,4,0,0,5,0
2022-02-20,Afghanistan,6,0,0,30,1
2022-02-20,Japan,42,0,0,76,3
2022-02-20,Sweden,4,0,0,5,0
2022-02-21,Afghanistan,6,0,0,30,1
2022-02-21,Japan,42,0,0,77,2
2022-02-21,Sweden,4,0,0,5,0
2022-02-22,Afghanistan,6,0,0,30,1
2022-02-22,Japan,42,0,0,77,2
2022-02-22,Sweden,4,0,0,5,0
2022-02-23,Afghanistan,6,0,0,30,1
2022-02-23,Japan,42,0,0,77,2
2022-02-23,Sweden,4,0,0,5,0
2022-02-24,Afghanistan,6,0,0,30,1
2022-02-24,Japan,42,0,0,77,2
2022-02-24,Sweden,4,0,0,5,0
2022-02-25,Afghanistan,6,0,0,30,1
2022-02-25,Japan,42,0,0,78,1
2022-02-25,Sweden,4,0,0,5,0
2022-02-26,Afghanistan,6,0,0,30,1
2022-02-26,Japan,42,0,0,78,1
2022-02-26,Sweden,4,0,0,5,0
2022-02-27,Afghanistan,6,0,0,30,1
2022-02-27,Japan,42,0,0,79,0
2022-02-27,Sweden,4,0,0,5,0
2022-02-28,Afghanistan,6,0,0,30,1
2022-02-28,Japan,42,0,0,79,0
2022-02-28,Sweden,4,0,0,5,0
2022-03-01,Afghanistan,6,0,0,31,0
2022-03-01,Japan,42,0,0,79,0
2022-03-01,Sweden,4,0,0,5,0
2022-03-02,Afghanistan,6,0,0,31,0
2022-03-02,Japan,42,1,0,78,0
2022-03-02,Sweden,4,0,0,5,0
2022-03-03,Afghanistan,6,0,0,31,0
2022-03-03,Japan,42,1,0,78,0
2022-03-03,Sweden,4,0,0,5,0
2022-03-04,Afghanistan,6,0,0,31,0
2022-03-04,Japan,42,1,0,78,0
2022-03-04,Sweden,4,0,0,5,0
2022-03-05,Afghanistan,6,0,0,31,0
2022-03-05,Japan,42,1,0,78,0
2022-03-05,Sweden,4,0,0,5,0
2022-03-06,Afghanistan,6,0,0,31,0
2022-03-06,Japan,42,1,0,78,0
2022-03-06,Sweden,4,0,0,5,0
2022-03-07,Afghanistan,6,0,0,31,0
2022-03-07,Japan,42,1,0,78,0
2022-03-07,Sweden,4,0,0,5,0
2022-03-08,Afghanistan,6,0,0,31,0
2022-03-08,Japan,42,1,0,78,0
2022-03-08,Sweden,4,0,0,5,0
2022-03-09,Afghanistan,6,0,0,31,0
2022-03-09,Japan,42,1,0,78,0
2022-03-09,Sweden,4,0,0,5,0
2022-03-10,Afghanistan,6,0,0,31,0
2022-03-10,Japan,42,1,0,78,0
2022-03-10,Sweden,4,0,0,5,0
2022-03-11,Afghanistan,6,0,0,31,0
2022-03-11,Japan,42,1,0,78,0
2022-03-11,Sweden,4,0,0,5,0
2022-03-12,Afghanistan,6,0,0,31,0
2022-03-12,Japan,42,1,0,78,0
2022-03-12,Sweden,4,0,0,5,0
2022-03-13,Afghanistan,6,0,0,31,0
2022-03-13,Japan,42,1,0,78,0
2022-03-13,Sweden,4,0,0,5,0
2022-03-14,Afghanistan,6,0,0,31,0
2022-03-14,Japan,42,1,0,78,0
2022-03-14,Sweden,4,0,0,5,0
2022-03-15,Afghanistan,6,0,0,31,0
2022-03-15,Japan,42,1,0,78,0
2022-03-15,Sweden,4,0,0,5,0
2022-03-16,Afghanistan,6,0,0,31,0
2022-03-16,Japan,42,1,0,78,0
2022-03-16,Sweden,4,0,0,5,0
2022-03-17,Afghanistan,6,0,0,31,0
2022-03-17,Japan,42,1,0,78,0
2022-03-17,Sweden,4,0,0,5,0
2022-03-18,Afghanistan,6,0,0,31,0
2022-03-18,Japan,42,1,0,78,0
2022-03-18,Sweden,4,0,0,5,0
2022-03-19,Afghanistan,6,0,0,31,0
2022-03-19,Japan,42,1,0,78,0
2022-03-19,Sweden,4,0,0,5,0
2022-03-20,Afghanistan,6,0,0,31,0
2022-03-20,Japan,42,1,0,78,0
2022-03-20,Sweden,4,0,0,5,0
2022-03-21,Afghanistan,6,0,0,31,0
2022-03-21,Japan,42,1,0,78,0
2022-03-21,Sweden,4,0,0,5,0
2022-03-22,Afghanistan,6,0,0,31,0
2022-03-22,Japan,42,1,0,78,0
2022-03-22,Sweden,4,0,0,5,0
2022-03-23,Afghanistan,6,0,0,31,0
2022-03-23,Japan,42,1,0,78,0
2022-03-23,Sweden,4,0,0,5,0
2022-03-24,Afghanistan,6,0,0,31,0
2022-03-24,Japan,42,1,0,78,0
2022-03-24,Sweden,4,0,0,5,0
2022-03-25,Afghanistan,6,0,0,31,0
2022-03-25,Japan,42,1,0,78,0
2022-03-25,Sweden,4,0,0,5,0
2022-03-26,Afghanistan,6,0,0,31,0
2022-03-26,Japan,42,1,0,78,0
2022-03-26,Sweden,4,0,0,5,0
2022-03-27,Afghanistan,6,0,0,31,0
2022-03-27,Japan,42,1,0,78,0
2022-03-27,Sweden,4,0,0,5,0
2022-03-28,Afghanistan,6,0,0,31,0
2022-03-28,Japan,42,1,0,78,0
2022-03-28,Sweden,4,0,0,5,0
2022-03-29,Afghanistan,6,0,0,31,0
2022-03-29,Japan,42,1,0,78,0
2022-03-29,Sweden,4,0,0,5,0
2022-03-30,Afghanistan,6,0,0,31,0
2022-03-30,Japan,42,1,0,78,0
2022-03-30,Sweden,4,0,0,5,0
2022-03-31,Afghanistan,6,0,0,31,0
2022-03-31,Japan,42,1,0,78,0
2022-03-31,Sweden,4,0,0,5,0
2022-04-01,Afghanistan,6,0,0,31,0
2022-04-01,Japan,42,1,0,78,0
2022-04-01,Sweden,4,0,0,5,0
2022-04-02,Afghanistan,6,0,0,31,0
2022-04-02,Japan,42,1,0,78,0
2022-04-02,Sweden,4,0,0,5,0
2022-04-03,Afghanistan,6,0,0,31,0
2022-04-03,Japan,42,1,0,78,0
2022-04-03,Sweden,4,0,0,5,0
2022-04-04,Afghanistan,6,0,0,31,0
2022-04-04,Japan,42,1,0,78,0
2022-04-04,Sweden,4,0,0,5,0
2022-04-05,Afghanistan,6,0,0,31,0
2022-04-05,Japan,42,1,0,78,0
2022-04-05,Sweden,4,0,0,5,0
2022-04-06,Afghanistan,6,0,0,31,0
2022-04-06,Japan,42,1,0,78,0
2022-04-06,Sweden,4,0,0,5,0
2022-04-07,Afghanistan,6,0,0,31,0
2022-04-07,Japan,42,1,0,78,0
2022-04-07,Sweden,4,0,0,5,0
2022-04-08,Afghanistan,6,0,0,31,0
2022-04-08,Japan,42,1,0,78,0
2022-04-08,Sweden,4,0,0,5,0
2022-04-09,Afghanistan,6,0,0,31,0
2022-04-09,Japan,42,1,0,78,0
2022-04-09,Sweden,4,0,0,5,0
2022-04-10,Afghanistan,6,0,0,31,0
2022-04-10,Japan,42,1,0,78,0
2022-04-10,Sweden,4,0,0,5,0
2022-04-11,Afghanistan,6,0,0,31,0
2022-04-11,Japan,42,2,0,77,0
2022-04-11,Sweden,4,0,0,5,0
2022-04-12,Afghanistan,6,0,0,31,0
2022-04-12,Japan,42,3,0,76,0
2022-04-12,Sweden,4,0,0,5,0
2022-04-13,Afghanistan,6,0,0,31,0
2022-04-13,Japan,42,3,1,75,0
2022-04-13,Sweden,4,0,0,5,0
2022-04-14,Afghanistan,6,0,0,31,0
2022-04-14,Japan,42,4,2,73,0
2022-04-14,Sweden,4,0,0,5,0
2022-04-15,Afghanistan,6,0,0,31,0
2022-04-15,Japan,42,2,4,73,0
2022-04-15,Sweden,4,0,0,5,0
2022-04-16,Afghanistan,6,0,0,31,0
2022-04-16,Japan,42,0,6,73,0
2022-04-16,Sweden,4,0,0,5,0
2022-04-17,Afghanistan,6,0,0,31,0
2022-04-17,Japan,42,2,5,72,0
2022-04-17,Sweden,4,0,0,5,0
2022-04-18,Afghanistan,6,1,0,30,0
2022-04-18,Japan,42,3,4,72,0
2022-04-18,Sweden,4,0,0,5,0
2022-04-19,Afghanistan,6,1,0,30,0
2022-04-19,Japan,42,3,3,73,0
2022-04-19,Sweden,4,0,0,5,0
2022-04-20,Afghanistan,6,0,1,30,0
2022-04-20,Japan,42,4,1,72,2
2022-04-20,Sweden,4,0,0,5,0
2022-04-21,Afghanistan,6,0,1,30,0
2022-04-21,Japan,42,5,2,70,2
2022-04-21,Sweden,4,0,0,5,0
2022-04-22,Afghanistan,6,0,1,30,0
2022-04-22,Japan,42,2,5,70,2
2022-04-22,Sweden,4,0,0,5,0
2022-04-23,Afghanistan,6,0,1,30,0
2022-04-23,Japan,42,4,4,68,3
2022-04-23,Sweden,4,0,0,5,0
2022-04-24,Afghanistan,6,0,0,30,1
2022-04-24,Japan,42,3,5,68,3
2022-04-24,Sweden,4,0,0,5,0
2022-04-25,Afghanistan,6,0,0,30,1
2022-04-25,Japan,42,1,6,68,4
2022-04-25,Sweden,4,0,0,5,0
2022-04-26,Afghanistan,6,0,0,30,1
2022-04-26,Japan,42,4,3,66,6
2022-04-26,Sweden,4,0,0,5,0
2022-04-27,Afghanistan,6,0,0,30,1
2022-04-27,Japan,42,5,5,63,6
2022-04-27,Sweden,4,0,0,5,0
2022-04-28,Afghanistan,6,1,0,29,1
2022-04-28,Japan,42,7,7,58,7
2022-04-28,Sweden,4,0,0,5,0
2022-04-29,Afghanistan,6,2,0,28,1
2022-04-29,Japan,42,11,6,54,8
2022-04-29,Sweden,4,0,0,5,0
2022-04-30,Afghanistan,6,0,2,28,1
2022-04-30,Japan,42,9,9,53,8
2022-04-30,Sweden,4,1,0,4,0
